Model,Split,Accuracy,Balanced_Accuracy,Precision_Up,Recall_Up,F1_Up,ROC_AUC,True_Negative,False_Positive,False_Negative,True_Positive,Model_Group,C_Value,N_Estimators,Max_Depth,Learning_Rate,Subsample,Colsample_Bytree
LogisticRegression_C_0.1,Validation,0.5510204081632653,0.5449999999999999,0.6,0.25,0.3529411764705882,0.5216666666666667,21,4,18,6,Logistic Regression,0.1,,,,,
LogisticRegression_C_0.01,Validation,0.5306122448979592,0.525,0.5454545454545454,0.25,0.3428571428571428,0.525,20,5,18,6,Logistic Regression,0.01,,,,,
LogisticRegression_C_10.0,Validation,0.5102040816326531,0.5058333333333334,0.5,0.2916666666666667,0.3684210526315789,0.5066666666666666,18,7,17,7,Logistic Regression,10.0,,,,,
Baseline_Always_Up,Validation,0.4897959183673469,0.5,0.4897959183673469,1.0,0.6575342465753424,0.5,0,25,0,24,Baseline,,,,,,
XGBoost_Shallow_100,Validation,0.4897959183673469,0.4883333333333334,0.4761904761904761,0.4166666666666667,0.4444444444444444,0.4416666666666666,14,11,14,10,XGBoost,,100.0,2.0,0.03,0.8,0.8
XGBoost_Depth3_100,Validation,0.4897959183673469,0.4883333333333334,0.4761904761904761,0.4166666666666667,0.4444444444444444,0.4916666666666666,14,11,14,10,XGBoost,,100.0,3.0,0.03,0.8,0.8
LogisticRegression_C_1.0,Validation,0.4897959183673469,0.4841666666666667,0.4545454545454545,0.2083333333333333,0.2857142857142857,0.5133333333333333,19,6,19,5,Logistic Regression,1.0,,,,,
XGBoost_Shallow_50,Validation,0.3877551020408163,0.3875,0.375,0.375,0.375,0.4383333333333333,10,15,15,9,XGBoost,,50.0,2.0,0.05,0.8,0.8
