Model,Split,Accuracy,Balanced_Accuracy,Precision_Up,Recall_Up,F1_Up,ROC_AUC,True_Negative,False_Positive,False_Negative,True_Positive,C_Value
LogisticRegression_C_0.1,Validation,0.5510204081632653,0.5449999999999999,0.6,0.25,0.35294117647058826,0.5216666666666667,21,4,18,6,0.1
LogisticRegression_C_0.01,Validation,0.5306122448979592,0.525,0.5454545454545454,0.25,0.34285714285714286,0.525,20,5,18,6,0.01
LogisticRegression_C_10.0,Validation,0.5102040816326531,0.5058333333333334,0.5,0.2916666666666667,0.3684210526315789,0.5066666666666666,18,7,17,7,10.0
LogisticRegression_C_1.0,Validation,0.4897959183673469,0.4841666666666667,0.45454545454545453,0.20833333333333334,0.2857142857142857,0.5133333333333333,19,6,19,5,1.0
