Split,Comparison_Model,Actual_Model_Name,Accuracy,Balanced_Accuracy,F1_Up,ROC_AUC
Validation,Always-Up Baseline,Baseline_Always_Up,0.4897959183673469,0.5,0.6575342465753424,0.5
Validation,Selected Model,LogisticRegression_C_0.1,0.5510204081632653,0.5449999999999999,0.3529411764705882,0.5216666666666667
Test,Always-Up Baseline,Baseline_Always_Up,0.5102040816326531,0.5,0.6756756756756757,0.5
Test,Selected Model,LogisticRegression_C_0.1,0.4897959183673469,0.4958333333333333,0.2857142857142857,0.6133333333333334
