Model,Split,Accuracy,Balanced_Accuracy,Precision_Up,Recall_Up,F1_Up,ROC_AUC,True_Negative,False_Positive,False_Negative,True_Positive,N_Estimators,Max_Depth,Learning_Rate,Subsample,Colsample_Bytree
XGBoost_Shallow_100,Validation,0.4897959183673469,0.4883333333333334,0.47619047619047616,0.4166666666666667,0.4444444444444444,0.44166666666666665,14,11,14,10,100,2,0.03,0.8,0.8
XGBoost_Depth3_100,Validation,0.4897959183673469,0.4883333333333334,0.47619047619047616,0.4166666666666667,0.4444444444444444,0.49166666666666664,14,11,14,10,100,3,0.03,0.8,0.8
XGBoost_Shallow_50,Validation,0.3877551020408163,0.3875,0.375,0.375,0.375,0.43833333333333335,10,15,15,9,50,2,0.05,0.8,0.8
